{
    "labels": [
        "crocodile"
    ],
    "amount_of_images": 934,
    "image_color_mode": null,
    "image_size": "size_64",
    "split": {
        "train": 571,
        "val": 264,
        "test": 99
    },
    "description": "All the images can be found in the data folder, the images are separated into train/test/val folders with a ratio of 60%/30%/10%",
    "total_creation_time": "0:10:50.748404",
    "augmentation": {
        "active": false,
        "augmentation_count": 0,
        "augmentations": [],
        "description": "How to know which image has been augmented? Images with _aug suffix at the train folder"
    },
    "about": {
        "provide_by": "www.images.cv",
        "useful_links": [
            "https://images.cv/how-to-use",
            "https://images.cv/faq",
            "https://images.cv/computer-vision-dataset-categories",
            "https://images.cv/computer-vision-image-datasets-index",
            "https://images.cv/contact"
        ]
    }
}